"plot_id","dataset_id","plot_name","prinv","other_authors","country_iso3","latitude","longitude","plot_area","plot_length","plot_width","plot_radius","plot_shape","min_diam_thresh","tree_diff","network","dat_source","continent","precise_loc","other_people","default_pom","has_mode","date_res","all_dates","min_census","max_census","census_period","n_census","multi_census","per_height","has_height_ge50per","wd_region","region","teow_ecoregion","teow_biome","teow_biome_short","tdwg_l2","chaveE","kyle_prinv_group","kyle_veg_broad","kyle_veg_class","kyle_veg_narrow","kyle_veg_group","kyle_data_use_group_notes","kyle_data_use_group","kyle_veg_fs","fp_biogeographical_region","fp_plot_area_location","fp_forest_elevation","fp_forest_edaphic_type","fp_forest_composition","fp_forest_status","fp_forest_moisture","fp_plot_id","elev_srtm","prot_area","manip","woodcut","dom_graze","fire_intens","herbiv_intens","herbiv_big","windy","fire","fire_freq","fire_last","cyclone_last","drought_last","frost_last","wind_last","earthquake_last","landslide_last","flood_last","human_b_rem","rain_era_mean","pote_era_mean","mwd_era_mean","rain_chirps_mean","burncount","burnedyears","has_fire","fire_prob","bio01","bio02","bio03","bio04","bio05","bio06","bio07","bio08","bio09","bio10","bio11","bio12","bio13","bio14","bio15","bio16","bio17","bio18","bio19","bdod_0.5cm","bdod_15.30cm","bdod_5.15cm","cec_0.5cm","cec_15.30cm","cec_5.15cm","cfvo_0.5cm","cfvo_15.30cm","cfvo_5.15cm","clay_0.5cm","clay_15.30cm","clay_5.15cm","nitrogen_0.5cm","nitrogen_15.30cm","nitrogen_5.15cm","ocd_0.5cm","ocd_15.30cm","ocd_5.15cm","ocs_0.30cm","phh2o_0.5cm","phh2o_15.30cm","phh2o_5.15cm","sand_0.5cm","sand_15.30cm","sand_5.15cm","silt_0.5cm","silt_15.30cm","silt_5.15cm","soc_0.5cm","soc_15.30cm","soc_5.15cm","bdod_0.30cm","cec_0.30cm","cfvo_0.30cm","clay_0.30cm","nitrogen_0.30cm","ocd_0.30cm","phh2o_0.30cm","sand_0.30cm","silt_0.30cm","soc_0.30cm","wet_forest","buff_dist","stem_track","dsfs_id","has_disturb","hubau"
"BVT-01","BVT","Boa Vista Tupim 01","Domingos Cardoso;Tomas F Domingues;Jon Lloyd;Peter Moonlight;Débora Christina Zuanny","Elmar Veenendaal","BRA",-12.725351,-40.71064504,0.5,100,50,NA,"other",1,TRUE,"Nordeste","fp","South America",TRUE,NA,1.3,TRUE,"YYYY.DDD","2018.215;2024.317",2018.215,2024.317,6.102,2,TRUE,96.65413534,TRUE,"Neotropics","Tropical Americas","Caatinga","Tropical & Subtropical Dry Broadleaf Forests","Dry forest","Brazil",0.481131554,"Cardoso","Forest","Arid_forest","Caatinga","Caatinga_DryForest",NA,"biomass","DryForest","Caatinga","Fazenda Esperança","Lower-Montane","Terra Firma","Mixed forest","Selective logging ","Dry",NA,497,FALSE,FALSE,TRUE,FALSE,0,0,FALSE,FALSE,FALSE,NA,NA,NA,NA,NA,NA,NA,NA,NA,TRUE,778.5683575,-225.7175367,-290.5982331,671.2542005,0,0,FALSE,0,223,101,73,1374,290,152,138,233,206,236,202,721,107,18,51,289,71,254,90,120,129,126,192,162,165,58,87,67,250,317,231,2035,1020,1384,264,147,196,35,58,57,57,604,541,611,146,141,158,307,121,159,126.5,168,75.5,277.1666667,1310.5,182.8333333,57.16666667,574.8333333,147.5,164.6666667,FALSE,"0",TRUE,"Forest_BVT_1",TRUE,FALSE
"CJU-01","CJU","Cajueiro 01","Jon Lloyd;Tomas F Domingues;Domingos Cardoso;Rubens Manoel dos Santos","Peter Moonlight;Mário Marcos do Espírito Santo","BRA",-14.96501667,-43.91636667,0.5,100,50,NA,"rectangle",5,TRUE,"Nordeste","fp","South America",TRUE,NA,1.3,TRUE,"YYYY.DDD","2018.1575;2023.6835",2018.1575,2023.6835,5.526,2,TRUE,97.30458221,TRUE,"Neotropics","Tropical Americas","Caatinga","Tropical & Subtropical Dry Broadleaf Forests","Dry forest","Brazil",0.449957609,"RubensSantos","Forest","Arid_forest","Caatinga_arborea","Caatinga_DryForest",NA,"biomass","DryForest","Caatinga",NA,"Lowland","Terra Firma","Mixed forest","Old-growth","Dry",NA,469,TRUE,FALSE,TRUE,TRUE,1,0,FALSE,FALSE,TRUE,10,"22/07/2012",NA,NA,NA,NA,NA,NA,NA,TRUE,822.0458271,-966.5369445,-1035.040763,823.7166606,0,0,FALSE,0,243,126,68,1364,329,146,183,250,223,256,223,836,200,0,96,497,4,248,10,132,138,136,118,97,106,34,41,34,263,309,265,1502,722,1276,225,109,188,32,60,59,59,483,458,485,254,233,250,159,60,115,136.3333333,103.5,37.5,286.6666667,1036.666667,154.6666667,59.16666667,471.1666667,242.1666667,94.83333333,FALSE,"10",TRUE,"Forest_BAH_BON_CJU_DEC_JIB_LCJ_PNP_SER_1",TRUE,FALSE
"CND-01","CND","Canudos 01","Jon Lloyd;Tomas F Domingues;Domingos Cardoso;Peter Moonlight;Débora Christina Zuanny",NA,"BRA",-9.97135702,-39.00576,0.5,100,50,NA,"rectangle",1,TRUE,"Nordeste","fp","South America",TRUE,"Elmar Veenendaal",1.3,TRUE,"YYYY.DDD","2018.241;2024.317",2018.241,2024.317,6.076,2,TRUE,99.31097841,TRUE,"Neotropics","Tropical Americas","Caatinga","Tropical & Subtropical Dry Broadleaf Forests","Dry forest","Brazil",1.094958305,"Cardoso","Forest","Arid_forest","Caatinga","Caatinga_DryForest",NA,"biomass","DryForest","Caatinga",NA,"Lowland","Terra Firma","Mixed forest","Old-growth","Dry",NA,532,TRUE,FALSE,FALSE,TRUE,0,0,FALSE,FALSE,FALSE,NA,NA,NA,NA,NA,NA,NA,NA,NA,TRUE,338.0802551,-251.4050658,-279.5784204,497.513705,0,0,FALSE,0,228,112,71,1758,308,151,157,241,218,245,202,513,85,13,50,211,49,205,81,135,139,136,187,174,177,76,93,87,238,277,231,1122,951,1092,199,139,169,27,68,68,68,588,563,595,174,160,173,142,107,113,137.3333333,177.1666667,88.16666667,255.1666667,1026.5,159,68,577.8333333,166.6666667,114.8333333,FALSE,"20",TRUE,"Forest_CND_1",TRUE,FALSE
"CTI-01","CTI","Caetité 01","Jon Lloyd;Tomas F Domingues;Rubens Manoel dos Santos;Domingos Cardoso","Peter Moonlight","BRA",-14.22475,-42.53016667,0.5,100,50,NA,"rectangle",5,TRUE,"Nordeste","fp","South America",TRUE,NA,1.3,TRUE,"YYYY.DDD","2018.155",2018.155,2018.155,0,1,FALSE,99.626401,TRUE,"Neotropics","Tropical Americas","Caatinga","Tropical & Subtropical Dry Broadleaf Forests","Dry forest","Brazil",0.318949938,"RubensSantos","Forest","Arid_forest","Caatinga_arborea","Caatinga_DryForest",NA,"biomass","DryForest","Caatinga",NA,"Lowland","Terra Firma","Mixed forest","Old-growth","Dry",NA,903,NA,NA,NA,NA,NA,NA,NA,NA,NA,NA,NA,NA,NA,NA,NA,NA,NA,NA,NA,754.9938161,-282.6858967,-345.602048,695.4805876,0,0,FALSE,0,211,106,73,1223,277,133,144,219,193,221,193,903,197,5,89,524,18,366,27,129,138,134,105,98,100,71,82,69,326,351,325,1800,1319,1666,236,147,221,45,56,55,55,443,422,442,231,226,233,201,99,172,135.1666667,99.83333333,75.83333333,338.1666667,1514.833333,186.5,55.16666667,432.1666667,229.1666667,140.3333333,FALSE,"0",FALSE,"Forest_CTI_CTT_1",FALSE,FALSE
"GBR-01","GBR","Gruta dos Brejões 01","Tomas F Domingues;Jon Lloyd;Domingos Cardoso;Luciano Paganucci de Queiroz","Rubens Manoel dos Santos;Peter Moonlight","BRA",-11.014017,-41.439167,0.5,100,50,NA,"rectangle",5,TRUE,"Nordeste","fp","South America",TRUE,NA,1.3,TRUE,"YYYY.DDD","2017.611;2022.697",2017.611,2022.697,5.086,2,TRUE,74.32915921,TRUE,"Neotropics","Tropical Americas","Caatinga","Tropical & Subtropical Dry Broadleaf Forests","Dry forest","Brazil",0.605727851,"Cardoso","Forest","Arid_forest","Caatinga","Caatinga_DryForest",NA,"all_studies","DryForest","Caatinga",NA,"Lowland","Terra Firma","Mixed forest","Old-growth","Dry",NA,569,TRUE,FALSE,TRUE,TRUE,0,0,FALSE,FALSE,FALSE,NA,NA,NA,"10/07/2022",NA,NA,NA,NA,NA,TRUE,454.637533,-250.857784,-288.744245,479.5262359,0,0,FALSE,0,235,115,74,1285,307,153,154,245,215,246,215,545,105,1,91,301,3,248,3,139,141,140,184,160,159,69,106,79,262,281,253,1364,966,1166,204,123,174,29,63,64,63,542,533,551,196,186,197,150,103,121,140.3333333,163.6666667,90.83333333,268.5,1099,153.5,63.5,540.5,191.3333333,116.8333333,FALSE,"0",TRUE,"Forest_GBR_MOR_1",TRUE,FALSE
"GBR-02","GBR","Gruta dos Brejões 02","Tomas F Domingues;Jon Lloyd;Domingos Cardoso;Luciano Paganucci de Queiroz;Peter Moonlight","Rubens Manoel dos Santos;Mário Marcos do Espírito Santo;Débora Christina Zuanny","BRA",-11.020733,-41.4106,0.5,100,50,NA,"rectangle",5,TRUE,"Nordeste","fp","South America",TRUE,NA,1.3,TRUE,"YYYY.DDD","2017.622;2022.7055",2017.622,2022.7055,5.0835,2,TRUE,72.63242376,TRUE,"Neotropics","Tropical Americas","Caatinga","Tropical & Subtropical Dry Broadleaf Forests","Dry forest","Brazil",0.603591859,"Cardoso","Forest","Arid_forest","Caatinga","Caatinga_DryForest",NA,"all_studies","DryForest","Caatinga",NA,"Lowland","Terra Firma","Mixed forest","Old-growth","Dry",NA,634,FALSE,FALSE,TRUE,TRUE,1,0,FALSE,FALSE,TRUE,NA,"14/09/2022",NA,"10/07/2022",NA,NA,NA,NA,NA,TRUE,454.637533,-250.857784,-288.744245,488.7222502,0,0,FALSE,0,230,113,74,1290,302,150,152,239,210,241,210,555,105,1,89,304,4,249,4,139,141,139,178,166,166,63,90,73,262,288,241,1405,1023,1228,181,114,157,28,64,64,64,536,519,547,202,193,212,176,68,135,140,168,79.83333333,268,1155,139.5,64,531.1666667,200.8333333,108.3333333,FALSE,"0",TRUE,"Forest_GBR_MOR_1",TRUE,FALSE
"IBD-01","IBD","Ibiraba Dunas 01","Tomas F Domingues;Jon Lloyd;Domingos Cardoso;Luciano Paganucci de Queiroz;Débora Christina Zuanny;Peter Moonlight","Rubens Manoel dos Santos","BRA",-10.787033,-42.81935,0.5,100,50,NA,"rectangle",1,TRUE,"Nordeste","fp","South America",TRUE,"Uriel de Jesus Araújo Pinto;Antonio Belo;Gabriela de Araujo Silva",1.3,TRUE,"YYYY.DDD","2017.622;2023.926",2017.622,2023.926,6.304,2,TRUE,100,TRUE,"Neotropics","Tropical Americas","Brazilian Atlantic dry forests","Tropical & Subtropical Dry Broadleaf Forests","Dry forest","Brazil",0.684065223,"Cardoso","Forest","Arid_forest","Caatinga","Caatinga_DryForest",NA,"biomass","DryForest","Caatinga",NA,"Lowland","White sand","Mixed forest","Old-growth","Dry",NA,417,FALSE,FALSE,TRUE,TRUE,0,0,FALSE,FALSE,FALSE,NA,NA,NA,"10/07/2022",NA,NA,NA,NA,NA,TRUE,527.1671312,-365.384082,-409.3146763,624.3439839,0,0,FALSE,0,258,139,76,905,345,163,182,264,244,266,244,629,116,0,91,325,2,226,2,139,138,138,177,167,159,60,73,54,216,256,210,1179,773,913,214,120,195,28,65,66,65,572,532,578,211,211,212,153,82,103,138.1666667,166,64.5,234,887.3333333,160.6666667,65.5,554,211.3333333,100.8333333,FALSE,"1",TRUE,"Forest_IBD_1",TRUE,FALSE
"IBD-02","IBD","Ibiraba Dunas 02","Jon Lloyd;Tomas F Domingues;Domingos Cardoso;Luciano Paganucci de Queiroz;Peter Moonlight;Débora Christina Zuanny","Rubens Manoel dos Santos","BRA",-10.785317,-42.7757,0.5,100,50,NA,"rectangle",1,TRUE,"Nordeste","fp","South America",TRUE,NA,1.3,TRUE,"YYYY.DDD","2017.6275;2024.413",2017.6275,2024.413,6.7855,2,TRUE,99.5951417,TRUE,"Neotropics","Tropical Americas","Brazilian Atlantic dry forests","Tropical & Subtropical Dry Broadleaf Forests","Dry forest","Brazil",0.678693235,"Cardoso","Forest","Arid_forest","Caatinga","Caatinga_DryForest",NA,"biomass","DryForest","Caatinga",NA,"Lowland","White sand","Mixed forest","Old-growth","Dry",NA,415,FALSE,FALSE,FALSE,TRUE,0,0,FALSE,FALSE,FALSE,NA,NA,NA,"10/07/2022",NA,NA,NA,NA,NA,TRUE,527.1671312,-365.384082,-409.3146763,618.6169948,0,0,FALSE,0,259,139,74,988,347,161,186,264,243,267,243,634,116,0,91,327,2,125,2,143,145,142,173,157,158,60,67,61,208,273,207,1100,636,820,211,111,175,28,64,65,64,585,526,582,207,201,211,127,71,90,143.6666667,160,63.83333333,240.1666667,774.6666667,149,64.5,554.5,205.3333333,86.66666667,FALSE,"20",TRUE,"Forest_IBD_1",TRUE,FALSE
"JUV-01","JUV","Juvenilia 01","Tomas F Domingues;Jon Lloyd;Rubens Manoel dos Santos;Domingos Cardoso","Peter Moonlight","BRA",-14.425,-44.15722,0.5,100,50,NA,"rectangle",5,TRUE,"Nordeste","fp","South America",TRUE,NA,1.3,TRUE,"YYYY.DDD","2018.115;2023.941",2018.115,2023.941,5.826,2,TRUE,95.99417334,TRUE,"Neotropics","Tropical Americas","Caatinga","Tropical & Subtropical Dry Broadleaf Forests","Dry forest","Brazil",0.417800635,"RubensSantos","Forest","Arid_forest","Caatinga_arborea","Caatinga_DryForest",NA,"biomass","DryForest","Caatinga",NA,"Lowland","Terra Firma","Mixed forest","Old-growth","Dry",NA,516,NA,NA,NA,NA,NA,NA,NA,NA,NA,NA,NA,NA,NA,NA,NA,NA,NA,NA,NA,818.1471313,-296.0433708,-364.2222984,863.440641,0,0,FALSE,0,242,129,70,1281,327,144,183,248,223,254,223,874,207,1,96,522,3,249,3,141,145,142,100,84,86,24,30,26,261,301,270,1410,671,1504,206,108,174,36,58,57,57,476,446,467,264,253,263,146,76,120,143.3333333,87.33333333,27.66666667,284,1071.833333,146.3333333,57.16666667,458,258.1666667,102.3333333,FALSE,"0",TRUE,"Forest_BAH_DEC_JUV_MON_1",FALSE,FALSE
"LGE-01","LGE","Lagoa Grande - EMPRAPA Petrolina","Jon Lloyd;Tomas F Domingues;Tiina Särkinen;Magna Soelma Beserra de Moura;Italo Coutinho","Rubens Manoel dos Santos;Francoise Yoko Ishida","BRA",-9.048028,-40.31975,0.5,100,50,NA,"rectangle",5,TRUE,NA,"fp","South America",TRUE,"Antonia Mirelle Marques Lopes;Isabelle Santiago Carneiro da Costa;Lucy Wells;Jeanderson da Silva Rocha",1.3,TRUE,"YYYY.DDD","2017.1975;2022.408",2017.1975,2022.408,5.2105,2,TRUE,98.31325301,TRUE,"Neotropics","Tropical Americas","Caatinga","Tropical & Subtropical Dry Broadleaf Forests","Dry forest","Brazil",0.955444932,"Soelma","Forest","Arid_forest","Caatinga","Caatinga_DryForest",NA,"all_studies","DryForest","Caatinga","EMBRAPA","Lowland","Terra Firma","Mixed forest","Old-growth","Dry",NA,390,TRUE,FALSE,FALSE,FALSE,0,0,FALSE,FALSE,FALSE,NA,NA,NA,"01/01/2012",NA,NA,NA,NA,NA,FALSE,493.1310226,-287.4211224,-328.5153743,460.9652351,0,0,FALSE,0,246,129,75,1482,328,158,170,257,227,260,223,588,134,3,84,316,14,245,22,137,142,140,202,202,199,38,46,46,216,286,223,1039,964,984,179,128,173,23,64,63,64,564,526,568,219,188,209,97,61,78,140.5,201,44.66666667,253.3333333,983.1666667,151.5,63.5,546.3333333,200.1666667,72.66666667,FALSE,"1",TRUE,"Forest_LGE_1",TRUE,FALSE
"MCS-01","MCS","Macaúbas 01","Jon Lloyd;Tomas F Domingues;Rubens Manoel dos Santos;Domingos Cardoso","Peter Moonlight","BRA",-13.00158333,-42.70681667,0.5,100,50,NA,"rectangle",1,TRUE,"Nordeste","fp","South America",TRUE,NA,1.3,TRUE,"YYYY.DDD","2018.137",2018.137,2018.137,0,1,FALSE,99.66931217,TRUE,"Neotropics","Tropical Americas","Brazilian Atlantic dry forests","Tropical & Subtropical Dry Broadleaf Forests","Dry forest","Brazil",0.37099725,"RubensSantos","Forest","Arid_forest","Caatinga_arborea","Caatinga_DryForest",NA,"biomass","DryForest","Caatinga",NA,"Lowland","Terra Firma","Mixed forest","Old-growth","Dry",NA,787,NA,NA,NA,NA,NA,NA,NA,NA,NA,NA,NA,NA,NA,NA,NA,NA,NA,NA,NA,840.6602768,-287.7022037,-357.7572268,785.0260732,0,0,FALSE,0,231,130,72,1051,319,140,179,236,217,244,216,791,154,1,87,431,6,226,15,131,135,134,126,111,119,116,126,128,271,272,264,1676,952,1348,255,136,218,38,56,55,56,491,483,496,238,245,241,240,90,171,134,116.1666667,125,269.1666667,1204.666667,183.1666667,55.5,488.6666667,242.5,142,FALSE,"0",FALSE,"Forest_MCS_1",FALSE,FALSE
"MCS-02","MCS","Macaúbas 02","Jon Lloyd;Tomas F Domingues;Rubens Manoel dos Santos;Domingos Cardoso","Peter Moonlight","BRA",-13.06086,-42.51736,0.5,100,50,NA,"rectangle",1,TRUE,"Nordeste","fp","South America",TRUE,NA,1.3,TRUE,"YYYY.DDD","2018.137",2018.137,2018.137,0,1,FALSE,98.44881075,TRUE,"Neotropics","Tropical Americas","Caatinga","Tropical & Subtropical Dry Broadleaf Forests","Dry forest","Brazil",0.439662963,"RubensSantos","Forest","Arid_forest","Caatinga_arborea","Caatinga_DryForest",NA,"biomass","DryForest","Caatinga",NA,"Lowland","Terra Firma","Mixed forest","Grazed","Dry",NA,543,NA,NA,NA,NA,NA,NA,NA,NA,NA,NA,NA,NA,NA,NA,NA,NA,NA,NA,NA,523.2188921,-287.340802,-330.9423764,651.2181919,0,0,FALSE,0,242,129,72,1050,330,152,178,247,228,255,228,711,144,1,90,401,3,203,8,136,139,138,201,207,201,32,62,31,283,312,284,1710,1002,1488,236,140,216,34,61,61,61,403,398,410,314,289,306,184,83,135,138.1666667,204,46.66666667,297.8333333,1282,181.3333333,61,402.8333333,298.8333333,117.1666667,FALSE,"20",FALSE,"Forest_MCS_1",FALSE,FALSE
"MOR-01","MOR","Morro do Chapéu 01","Jon Lloyd;Tomas F Domingues;Oliver Phillips;Tiina Särkinen;Domingos Cardoso;Toby Pennington;Priscyla Rodrigues;Luciano Paganucci de Queiroz;Peter Moonlight;Débora Christina Zuanny","Rubens Manoel dos Santos;Elmar Veenendaal","BRA",-11.492583,-41.33125,0.5,100,50,NA,"rectangle",5,TRUE,"Nordeste","fp","South America",TRUE,NA,1.3,TRUE,"YYYY.DDD","2017.178;2024.413",2017.178,2024.413,7.235,2,TRUE,100,TRUE,"Neotropics","Tropical Americas","Caatinga","Tropical & Subtropical Dry Broadleaf Forests","Dry forest","Brazil",0.414056331,"Cardoso","Forest","Arid_forest","Caatinga","Caatinga_DryForest",NA,"biomass","DryForest","Caatinga",NA,"Lowland","Terra Firma","Mixed forest","Old-growth","Dry",NA,941,FALSE,FALSE,FALSE,TRUE,0,0,FALSE,FALSE,FALSE,NA,NA,NA,"10/07/2022",NA,NA,NA,NA,NA,TRUE,542.4385349,-263.6079172,-308.8111285,581.3568337,0,0,FALSE,0,210,101,73,1310,275,138,137,219,196,222,190,616,117,9,74,311,32,250,38,122,131,128,192,171,174,83,117,88,240,347,256,1494,913,1403,251,129,194,39,62,62,61,575,497,573,185,156,171,210,102,136,128.5,175.5,101.6666667,298.8333333,1173.166667,171,61.66666667,535.3333333,165.8333333,131.3333333,FALSE,"0",TRUE,"Forest_GBR_MOR_1",TRUE,FALSE
"MOR-02","MOR","Morro do Chapéu 02","Jon Lloyd;Tomas F Domingues;Toby Pennington;Tiina Särkinen;Oliver Phillips;Domingos Cardoso;Priscyla Rodrigues;Luciano Paganucci de Queiroz;Peter Moonlight;Débora Christina Zuanny","Rubens Manoel dos Santos;Elmar Veenendaal","BRA",-11.495333,-41.346333,0.5,100,50,NA,"rectangle",5,TRUE,"Nordeste","fp","South America",TRUE,NA,1.3,TRUE,"YYYY.DDD","2017.1805;2024.413",2017.1805,2024.413,7.2325,2,TRUE,98.67256637,TRUE,"Neotropics","Tropical Americas","Caatinga","Tropical & Subtropical Dry Broadleaf Forests","Dry forest","Brazil",0.553859293,"Cardoso","Forest","Arid_forest","Caatinga","Caatinga_DryForest",NA,"biomass","DryForest","Caatinga",NA,"Lowland","Terra Firma","Mixed forest","Old-growth","Dry",NA,875,FALSE,FALSE,FALSE,FALSE,0,0,FALSE,FALSE,FALSE,NA,NA,NA,"10/07/2022",NA,NA,NA,NA,NA,FALSE,542.4385349,-263.6079172,-308.8111285,581.3568337,0,0,FALSE,0,212,102,73,1299,277,139,138,222,198,224,191,599,115,7,78,311,27,247,31,126,132,129,175,166,165,106,123,117,263,319,267,1993,1032,1596,248,137,198,41,61,61,61,551,510,558,185,172,176,195,98,166,130,167.1666667,118.1666667,292.3333333,1380.166667,175.8333333,61,532.8333333,175.5,136.8333333,FALSE,"0",TRUE,"Forest_GBR_MOR_1",TRUE,FALSE
"PAT-01","PAT","Patos 01","Jon Lloyd;Tomas F Domingues;Toby Pennington;Mário Marcos do Espírito Santo;Jarcilene de Almeida-Cortez;Jhonathan Oliveira Silva","Peter Moonlight","BRA",-7.00665,-37.39599,0.5,100,50,NA,"rectangle",5,TRUE,"Nordeste","fp","South America",TRUE,NA,1.3,FALSE,"YYYY.DDD","2018.329;2023.378",2018.329,2023.378,5.049,2,TRUE,91.68975069,TRUE,"Neotropics","Tropical Americas","Caatinga","Tropical & Subtropical Dry Broadleaf Forests","Dry forest","Brazil",0.617935419,"EspiritoSanto","Forest","Arid_forest","Caatinga","Caatinga_DryForest",NA,"all_studies","DryForest","Caatinga","Fazenda Tamanduá","Lowland","Terra Firma","Mixed forest","Grazed","Dry",NA,268,FALSE,TRUE,TRUE,FALSE,0,0,FALSE,FALSE,FALSE,NA,NA,NA,NA,NA,NA,NA,NA,NA,TRUE,463.2927501,-284.0315901,-322.6393193,756.2424788,0,0,FALSE,0,252,92,72,1250,318,191,127,260,245,265,233,781,224,2,115,563,9,229,47,138,143,141,168,179,171,108,141,120,206,276,204,1035,657,977,197,143,181,22,64,62,63,527,476,529,267,248,267,132,65,91,141.5,174.5,128.5,240.3333333,826.6666667,164.6666667,62.66666667,502.1666667,257.5,84.83333333,FALSE,"20",TRUE,"Forest_PAT_2",TRUE,FALSE
"PAT-02","PAT","Patos 02","Jon Lloyd;Tomas F Domingues;Toby Pennington;Mário Marcos do Espírito Santo;Jarcilene de Almeida-Cortez;Jhonathan Oliveira Silva","Peter Moonlight","BRA",-7.02263,-37.40344,0.5,100,50,NA,"rectangle",5,TRUE,"Nordeste","fp","South America",TRUE,NA,1.3,FALSE,"YYYY.DDD","2018.3315;2023.381",2018.3315,2023.381,5.0495,2,TRUE,97.30538922,TRUE,"Neotropics","Tropical Americas","Caatinga","Tropical & Subtropical Dry Broadleaf Forests","Dry forest","Brazil",0.617935419,"EspiritoSanto","Forest","Arid_forest","Caatinga","Caatinga_DryForest",NA,"all_studies","DryForest","Caatinga","Fazenda Tamanduá","Lowland","Terra Firma","Mixed forest","Grazed","Dry",NA,283,FALSE,TRUE,TRUE,FALSE,0,0,FALSE,FALSE,FALSE,NA,NA,NA,NA,NA,NA,NA,NA,NA,TRUE,463.2927501,-284.0315901,-322.6393193,749.1026975,0,0,FALSE,0,252,92,71,1265,319,191,128,260,245,265,233,790,225,2,116,568,9,231,48,137,142,141,205,205,204,118,142,131,211,279,217,1129,641,966,180,126,182,21,62,61,61,549,492,544,241,229,239,110,61,82,140.8333333,204.6666667,134.3333333,247,830.6666667,153.6666667,61.16666667,518.8333333,234.3333333,76.16666667,FALSE,"20",TRUE,"Forest_PAT_1",TRUE,FALSE
"QJG-01","QJG","Quijingue 01","Domingos Cardoso","Raphael Rodrigues","BRA",-10.743838,-39.246098,0.5,100,50,NA,"rectangle",5,TRUE,NA,"fp","South America",TRUE,NA,1.3,TRUE,"YYYY.DDD","2020.888",2020.888,2020.888,0,1,FALSE,100,TRUE,"Neotropics","Tropical Americas","Caatinga","Tropical & Subtropical Dry Broadleaf Forests","Dry forest","Brazil",1.19238925,"Cardoso","Forest","Arid_forest","Caatinga","Caatinga_DryForest",NA,"biomass","DryForest","Caatinga","Quijingue","Lowland","Terra Firma","Mixed forest",NA,"Dry",NA,298,FALSE,FALSE,TRUE,TRUE,0,0,FALSE,FALSE,FALSE,NA,NA,NA,"10/07/2022",NA,NA,NA,NA,NA,TRUE,503.6956636,-635.2712027,-677.2458414,480.651649,0,0,FALSE,0,242,119,71,1779,328,162,166,246,231,260,216,407,56,12,39,147,47,125,94,128,136,132,272,249,255,60,77,70,210,245,204,1499,1246,1141,231,144,180,33,67,67,67,589,558,587,201,197,209,200,119,149,133.3333333,254.8333333,71.83333333,225.5,1253.166667,170.5,67,572.8333333,201.6666667,142.5,FALSE,"20",FALSE,"Forest_QJG_1",TRUE,FALSE
"SCP-01","SCP","Serra da Capivara 01","Jon Lloyd;Tomas F Domingues;Rubens Manoel dos Santos;Priscyla Rodrigues;Mário Marcos do Espírito Santo;Jhonathan Oliveira Silva;Magna Soelma Beserra de Moura","Peter Moonlight","BRA",-8.86485,-42.70188333,0.5,100,50,NA,"rectangle",1,TRUE,"Nordeste","fp","South America",TRUE,NA,1.3,TRUE,"YYYY.DDD","2017.933;2023.419",2017.933,2023.419,5.486,2,TRUE,85.57114228,TRUE,"Neotropics","Tropical Americas","Caatinga","Tropical & Subtropical Dry Broadleaf Forests","Dry forest","Brazil",0.618908942,"EspiritoSanto","Forest","Arid_forest","Caatinga","Caatinga_DryForest",NA,"all_studies","DryForest","Caatinga",NA,"Lowland","Terra Firma","Mixed forest","Old-growth","Dry",NA,492,TRUE,FALSE,TRUE,FALSE,0,0,FALSE,FALSE,FALSE,NA,NA,NA,NA,NA,NA,NA,NA,NA,TRUE,806.1165023,-339.2271379,-406.4035131,677.0931166,0,0,FALSE,0,257,143,78,915,344,162,182,260,243,266,243,774,148,2,84,387,13,142,13,129,135,134,138,129,131,79,79,81,192,227,203,1466,789,1147,224,118,193,30,55,55,55,650,620,644,158,153,153,198,86,119,133.6666667,131.1666667,79.66666667,213.1666667,1021.166667,160.6666667,55,633,153.8333333,115.6666667,FALSE,"0",TRUE,"Forest_SCP_1",TRUE,FALSE
"SCP-02","SCP","Serra da Capivara 02","Jon Lloyd;Tomas F Domingues;Priscyla Rodrigues;Rubens Manoel dos Santos;Mário Marcos do Espírito Santo;Jhonathan Oliveira Silva;Magna Soelma Beserra de Moura","Peter Moonlight","BRA",-8.861733333,-42.67625,0.5,100,50,NA,"rectangle",1,TRUE,"Nordeste","fp","South America",TRUE,NA,1.3,TRUE,"YYYY.DDD","2018.444;2023.586",2018.444,2023.586,5.142,2,TRUE,98.42217484,TRUE,"Neotropics","Tropical Americas","Caatinga","Tropical & Subtropical Dry Broadleaf Forests","Dry forest","Brazil",0.618908942,"EspiritoSanto","Forest","Arid_forest","Caatinga","Caatinga_DryForest",NA,"all_studies","DryForest","Caatinga",NA,"Lowland","Terra Firma","Mixed forest","Old-growth","Dry",NA,486,TRUE,FALSE,TRUE,FALSE,0,0,FALSE,FALSE,FALSE,NA,NA,NA,NA,NA,NA,NA,NA,NA,TRUE,806.1165023,-339.2271379,-406.4035131,677.0931166,0,0,FALSE,0,259,144,78,944,347,164,183,263,244,269,244,759,147,1,84,381,11,243,11,138,141,141,150,138,143,70,93,85,190,240,187,1262,750,960,224,130,183,30,55,56,55,641,605,654,169,155,159,159,74,122,140.5,141.6666667,86.5,214,905.3333333,163.3333333,55.5,627.3333333,158.6666667,104.1666667,FALSE,"0",TRUE,"Forest_SCP_1",TRUE,FALSE
"SDA-01","SDA","Serra da Almas1","Jon Lloyd;Tomas F Domingues;Tiina Särkinen;Italo Coutinho","Elmar Veenendaal;Francoise Yoko Ishida;Peter Moonlight","BRA",-5.146778,-40.928194,0.5,100,50,NA,"rectangle",5,TRUE,"Nordeste","fp","South America",TRUE,"Antonia Mirelle Marques Lopes;Isabelle Santiago Carneiro da Costa",1.3,TRUE,"YYYY.DDD","2017.241;2022.292",2017.241,2022.292,5.051,2,TRUE,99.43117179,TRUE,"Neotropics","Tropical Americas","Caatinga","Tropical & Subtropical Dry Broadleaf Forests","Dry forest","Brazil",0.553900123,"Coutinho","Forest","Arid_forest","Caatinga","Caatinga_DryForest",NA,"all_studies","DryForest","Caatinga",NA,"Lowland","Terra Firma","Mixed forest","Old-growth","Dry",NA,682,TRUE,FALSE,TRUE,FALSE,0,0,FALSE,FALSE,FALSE,NA,NA,NA,NA,NA,NA,NA,NA,NA,TRUE,703.6387565,-262.9146706,-321.5512336,798.9162933,0,0,FALSE,0,230,107,75,835,304,163,141,224,236,240,220,974,256,6,102,632,21,29,359,128,134,130,166,140,144,87,96,95,216,298,236,1821,1303,1202,299,162,216,34,54,54,54,650,578,633,134,124,131,238,127,118,131.6666667,145.6666667,94.16666667,263.6666667,1355.666667,202.8333333,54,608.3333333,128,142.5,FALSE,"0",TRUE,"Forest_SDA_1",TRUE,FALSE
"SDA-02","SDA","Serra da Almas2","Jon Lloyd;Tomas F Domingues;Tiina Särkinen;Italo Coutinho","Elmar Veenendaal;Francoise Yoko Ishida;Peter Moonlight","BRA",-5.141444,-40.914861,0.5,100,50,NA,"rectangle",5,TRUE,"Nordeste","fp","South America",TRUE,"Antonia Mirelle Marques Lopes;Isabelle Santiago Carneiro da Costa;Lucy Wells;Jeanderson da Silva Rocha",1.3,TRUE,"YYYY.DDD","2017.252;2022.3695",2017.252,2022.3695,5.1175,2,TRUE,99.91071429,TRUE,"Neotropics","Tropical Americas","Caatinga","Tropical & Subtropical Dry Broadleaf Forests","Dry forest","Brazil",0.56569308,"Coutinho","Forest","Arid_forest","Caatinga","Caatinga_DryForest",NA,"all_studies","DryForest","Caatinga",NA,"Lowland","Terra Firma","Mixed forest","Old-growth","Dry",NA,643,TRUE,FALSE,TRUE,FALSE,0,0,FALSE,FALSE,FALSE,NA,NA,NA,NA,NA,NA,NA,NA,NA,TRUE,703.6387565,-262.9146706,-321.5512336,836.0541678,0,0,FALSE,0,234,107,75,845,308,167,141,228,241,245,224,942,250,5,104,617,18,26,348,128,137,131,153,140,145,103,104,101,234,297,240,1895,1018,1332,310,185,224,32,54,55,55,596,541,593,170,162,167,299,118,140,133.5,143.8333333,102.8333333,267.5,1268.833333,218.8333333,54.83333333,567.5,165,155.5,FALSE,"0",TRUE,"Forest_SDA_1",TRUE,FALSE
"SDA-03","SDA","Serra da Almas3","Jon Lloyd;Tomas F Domingues;Italo Coutinho","Francoise Yoko Ishida;Peter Moonlight;Desirée Marques Ramos;Patricia Morellato","BRA",-5.117083,-40.87319,0.5,100,50,NA,"rectangle",5,TRUE,"Nordeste","fp","South America",TRUE,"Antonia Mirelle Marques Lopes;Isabelle Santiago Carneiro da Costa",1.3,TRUE,"YYYY.DDD","2017.2615;2022.275",2017.2615,2022.275,5.0135,2,TRUE,98.99216125,TRUE,"Neotropics","Tropical Americas","Caatinga","Tropical & Subtropical Dry Broadleaf Forests","Dry forest","Brazil",0.606833696,"Coutinho","Forest","Arid_forest","Caatinga","Caatinga_DryForest",NA,"all_studies","DryForest","Caatinga",NA,"Lowland","Terra Firma","Mixed forest","Old-growth","Dry",NA,310,TRUE,FALSE,TRUE,FALSE,0,0,FALSE,FALSE,FALSE,NA,NA,NA,NA,NA,NA,NA,NA,NA,TRUE,703.6387565,-262.9146706,-321.5512336,796.4581792,0,0,FALSE,0,258,111,76,833,334,188,146,251,264,268,248,769,215,1,111,529,6,17,283,132,138,134,157,147,145,129,131,134,210,279,214,1288,795,1013,265,148,199,29,59,58,59,586,529,580,204,191,206,164,85,99,135.6666667,148,131.6666667,245.8333333,949.8333333,184.5,58.5,555.5,198.1666667,102.8333333,FALSE,"0",TRUE,"Forest_SDA_1",TRUE,FALSE
"SET-01","SET","Serra Talhada","Jon Lloyd;Tomas F Domingues;Tiina Särkinen;Rodolfo Marcondes Silva Souza;Italo Coutinho","Elmar Veenendaal","BRA",-7.970083,-38.384917,0.5,100,50,NA,"rectangle",5,TRUE,"Nordeste","fp","South America",TRUE,"Antonia Mirelle Marques Lopes;Isabelle Santiago Carneiro da Costa;Jeanderson da Silva Rocha",1.3,TRUE,"YYYY.DDD","2017.211;2022.4165",2017.211,2022.4165,5.2055,2,TRUE,99.34924078,TRUE,"Neotropics","Tropical Americas","Caatinga","Tropical & Subtropical Dry Broadleaf Forests","Dry forest","Brazil",0.768336356,"Coutinho","Forest","Arid_forest","Caatinga","Caatinga_DryForest",NA,"all_studies","DryForest","Caatinga",NA,"Lowland","Terra Firma","Mixed forest","Old-growth","Dry",NA,463,NA,NA,NA,NA,NA,NA,NA,NA,NA,NA,NA,NA,NA,NA,NA,NA,NA,NA,NA,506.5379407,-264.3045204,-306.5160155,715.4329763,0,0,FALSE,0,236,101,67,1675,311,162,149,247,229,253,211,735,177,5,86,424,27,176,60,135,138,136,186,178,178,64,67,65,182,260,186,1093,815,1303,191,132,179,23,61,60,61,535,481,532,283,259,282,134,77,113,136.8333333,179.3333333,65.83333333,222.3333333,1024,157.5,60.5,507,270.6666667,98.5,FALSE,"10",TRUE,"Forest_SET_1",FALSE,FALSE
"TCU-01","TCU","Tucano 01","Domingos Cardoso;Débora Christina Zuanny;Peter Moonlight","Raphael Rodrigues;Moabe Ferreira Fernandes","BRA",-10.95071,-38.809541,0.5,100,50,NA,"rectangle",5,TRUE,"Nordeste","fp","South America",TRUE,NA,1.3,TRUE,"YYYY.DDD","2019.8135;2024.413",2019.8135,2024.413,4.5995,2,TRUE,99.91134752,TRUE,"Neotropics","Tropical Americas","Caatinga","Tropical & Subtropical Dry Broadleaf Forests","Dry forest","Brazil",0.931105494,"Cardoso","Forest","Arid_forest","Caatinga","Caatinga_DryForest",NA,"biomass","DryForest","Caatinga",NA,"Lowland","White sand","Mixed forest","Grazed","Dry",NA,225,FALSE,FALSE,TRUE,TRUE,0,0,FALSE,FALSE,FALSE,NA,NA,NA,"10/07/2022",NA,NA,NA,NA,NA,TRUE,507.8697684,-200.7521851,-243.0746658,385.4475067,0,0,FALSE,0,244,119,73,1679,326,163,163,249,232,261,219,643,85,19,38,240,79,169,160,134,140,137,221,207,205,65,86,76,200,230,204,1729,866,1154,238,148,185,31,64,66,64,579,556,576,221,214,221,211,113,121,138,208.6666667,79.16666667,216.3333333,1105.833333,175.3333333,65,566.5,217.5,132,FALSE,"20",TRUE,"Forest_TCU_1",TRUE,FALSE
"TCU-02","TCU","Tucano 02","Domingos Cardoso;Peter Moonlight;Débora Christina Zuanny","Raphael Rodrigues;Moabe Ferreira Fernandes","BRA",-11.09936,-38.69572,0.5,100,50,NA,"rectangle",5,TRUE,"Nordeste","fp","South America",TRUE,"Gabriela de Araujo Silva",1.3,TRUE,"YYYY.DDD","2020.16;2024.068",2020.16,2024.068,3.908,2,TRUE,100,TRUE,"Neotropics","Tropical Americas","Caatinga","Tropical & Subtropical Dry Broadleaf Forests","Dry forest","Brazil",0.793890119,"Cardoso","Forest","Arid_forest","Caatinga","Caatinga_DryForest",NA,"biomass","DryForest","Caatinga",NA,"Lowland","White sand","Mixed forest","Grazed","Dry",NA,225,FALSE,FALSE,FALSE,TRUE,0,0,FALSE,FALSE,FALSE,NA,NA,NA,"10/07/2022",NA,NA,NA,NA,NA,TRUE,477.9326044,-204.9010127,-244.7287297,664.6859551,0,0,FALSE,0,244,117,73,1638,325,165,160,235,234,260,219,795,113,26,38,302,110,196,216,131,136,134,213,194,195,85,100,86,234,281,229,2525,942,1183,258,148,193,33,61,62,62,527,485,534,239,233,237,375,139,193,134.5,197.5,92.83333333,255.8333333,1286.166667,181.3333333,61.83333333,508.3333333,235.3333333,196.3333333,FALSE,"0",TRUE,"Forest_TCU_1",TRUE,FALSE
"BAU-02","BAU","SECO_B","Renato Soares Vanderlei;Kyle G. Dexter","Mauro Guida dos Santos","BRA",-8.55,-37.24,0.98,100,98.85,NA,"rectangle",5,TRUE,NA,"fp","South America",FALSE,NA,1.3,TRUE,"YYYY.DDD","2023.53",2023.53,2023.53,0,1,FALSE,100,TRUE,"Neotropics","Tropical Americas","Caatinga","Tropical & Subtropical Dry Broadleaf Forests","Dry forest","Brazil",0.646107137,"Vanderlei","Forest","Dry_forest","Caatinga","Caatinga_DryForest",NA,"biomass","DryForest","Caatinga","Catimbau National Park","Premontane","White sand","Thicket","Mixed: Old-growth and Logged","Dry",NA,905,NA,NA,NA,NA,NA,NA,NA,NA,NA,NA,NA,NA,NA,NA,NA,NA,NA,NA,NA,NA,NA,NA,NA,NA,NA,NA,NA,NA,NA,NA,NA,NA,NA,NA,NA,NA,NA,NA,NA,NA,NA,NA,NA,NA,NA,NA,NA,NA,NA,NA,NA,NA,NA,NA,NA,NA,NA,NA,NA,NA,NA,NA,NA,NA,NA,NA,NA,NA,NA,NA,NA,NA,NA,NA,NA,NA,NA,NA,NA,NA,NA,NA,NA,NA,NA,NA,NA,FALSE,"1",FALSE,"Forest_BAU_1",FALSE,FALSE
"BAU-01","BAU","SECO_A","Kyle G. Dexter;Renato Soares Vanderlei","Mauro Guida dos Santos","BRA",-8.48,-37.34,1,102,100,NA,"rectangle",5,TRUE,NA,"fp","South America",FALSE,NA,1.3,TRUE,"YYYY.DDD","2023.47",2023.47,2023.47,0,1,FALSE,100,TRUE,"Neotropics","Tropical Americas","Caatinga","Tropical & Subtropical Dry Broadleaf Forests","Dry forest","Brazil",0.918658555,"Vanderlei","Forest","Dry_forest","Caatinga","Caatinga_DryForest",NA,"biomass","DryForest","Caatinga","Catimbau National Park","Premontane","White sand","Thicket","Mixed: Logged and Grazed","Dry",NA,648,NA,NA,NA,NA,NA,NA,NA,NA,NA,NA,NA,NA,NA,NA,NA,NA,NA,NA,NA,NA,NA,NA,NA,NA,NA,NA,NA,NA,NA,NA,NA,NA,NA,NA,NA,NA,NA,NA,NA,NA,NA,NA,NA,NA,NA,NA,NA,NA,NA,NA,NA,NA,NA,NA,NA,NA,NA,NA,NA,NA,NA,NA,NA,NA,NA,NA,NA,NA,NA,NA,NA,NA,NA,NA,NA,NA,NA,NA,NA,NA,NA,NA,NA,NA,NA,NA,NA,FALSE,"0",FALSE,"Forest_BAU_1",FALSE,FALSE
"BAU-03","BAU","SECO_C","Renato Soares Vanderlei;Kyle G. Dexter","Mauro Guida dos Santos","BRA",-8.48,-37.34,1,99,101,NA,"rectangle",5,TRUE,NA,"fp","South America",FALSE,NA,1.3,TRUE,"YYYY.DDD","2023.549",2023.549,2023.549,0,1,FALSE,100,TRUE,"Neotropics","Tropical Americas","Caatinga","Tropical & Subtropical Dry Broadleaf Forests","Dry forest","Brazil",0.918658555,"Vanderlei","Forest","Dry_forest","Caatinga","Caatinga_DryForest",NA,"biomass","DryForest","Caatinga","Catimbau National Park","Premontane","Brown sand","Thicket","Mixed: Old-growth and Logged","Dry",NA,648,NA,NA,NA,NA,NA,NA,NA,NA,NA,NA,NA,NA,NA,NA,NA,NA,NA,NA,NA,NA,NA,NA,NA,NA,NA,NA,NA,NA,NA,NA,NA,NA,NA,NA,NA,NA,NA,NA,NA,NA,NA,NA,NA,NA,NA,NA,NA,NA,NA,NA,NA,NA,NA,NA,NA,NA,NA,NA,NA,NA,NA,NA,NA,NA,NA,NA,NA,NA,NA,NA,NA,NA,NA,NA,NA,NA,NA,NA,NA,NA,NA,NA,NA,NA,NA,NA,NA,FALSE,"0",FALSE,"Forest_BAU_1",FALSE,FALSE
"PNP-03","PNP","Peruaçu Dolina dos Macacos","Rubens Manoel dos Santos","Camila Laís Farrapo","BRA",-15.12,-44.24,1,10,10,NA,"rectangle",5,TRUE,NA,"fp","South America",FALSE,NA,1.3,TRUE,"YYYY.DDD","2022.3395",2022.3395,2022.3395,0,1,FALSE,53.515625,TRUE,"Neotropics","Tropical Americas","Brazilian Atlantic dry forests","Tropical & Subtropical Dry Broadleaf Forests","Dry forest","Brazil",0.330071777,"RubensSantos","Forest","Arid_forest","Caatinga_arborea","Caatinga_DryForest",NA,"biomass","DryForest","Caatinga","Januária","Lower-Montane","Terra Firma","Mixed forest","Secondary forest, age unknown","Dry",NA,726,NA,NA,NA,NA,NA,NA,NA,NA,NA,NA,NA,NA,NA,NA,NA,NA,NA,NA,NA,NA,NA,NA,NA,NA,NA,NA,NA,NA,NA,NA,NA,NA,NA,NA,NA,NA,NA,NA,NA,NA,NA,NA,NA,NA,NA,NA,NA,NA,NA,NA,NA,NA,NA,NA,NA,NA,NA,NA,NA,NA,NA,NA,NA,NA,NA,NA,NA,NA,NA,NA,NA,NA,NA,NA,NA,NA,NA,NA,NA,NA,NA,NA,NA,NA,NA,NA,NA,FALSE,"0",FALSE,"Forest_BAH_BON_CJU_DEC_JIB_LCJ_PNP_SER_1",FALSE,FALSE
"PNP-04","PNP","Peruacu Cerrado","Rubens Manoel dos Santos","Camila Laís Farrapo","BRA",-15.14,-44.29,1,10,10,NA,"rectangle",5,TRUE,NA,"fp","South America",FALSE,NA,1.3,TRUE,"YYYY.DDD","2022.3465",2022.3465,2022.3465,0,1,FALSE,98.06378132,TRUE,"Neotropics","Tropical Americas","Brazilian Atlantic dry forests","Tropical & Subtropical Dry Broadleaf Forests","Dry forest","Brazil",0.324448764,"RubensSantos","Forest","Arid_forest","Caatinga_arborea","Caatinga_DryForest",NA,"biomass","DryForest","Cerrado","Januáia","Lower-Montane","Terra Firma","Savanna","Secondary forest, older (25-49yr)","Dry",NA,730,NA,NA,NA,NA,NA,NA,NA,NA,NA,NA,NA,NA,NA,NA,NA,NA,NA,NA,NA,NA,NA,NA,NA,NA,NA,NA,NA,NA,NA,NA,NA,NA,NA,NA,NA,NA,NA,NA,NA,NA,NA,NA,NA,NA,NA,NA,NA,NA,NA,NA,NA,NA,NA,NA,NA,NA,NA,NA,NA,NA,NA,NA,NA,NA,NA,NA,NA,NA,NA,NA,NA,NA,NA,NA,NA,NA,NA,NA,NA,NA,NA,NA,NA,NA,NA,NA,NA,FALSE,"0",FALSE,"Forest_BAH_BON_CJU_DEC_JIB_LCJ_PNP_SER_1",FALSE,FALSE
"PNP-05","PNP","Peruaçu Torres","Rubens Manoel dos Santos","Camila Laís Farrapo","BRA",-15.1,-44.23,1,10,10,NA,"rectangle",5,TRUE,NA,"fp","South America",FALSE,NA,1.3,TRUE,"YYYY.DDD","2022.3575",2022.3575,2022.3575,0,1,FALSE,79.13385827,TRUE,"Neotropics","Tropical Americas","Brazilian Atlantic dry forests","Tropical & Subtropical Dry Broadleaf Forests","Dry forest","Brazil",0.330071777,"RubensSantos","Forest","Arid_forest","Caatinga_arborea","Caatinga_DryForest",NA,"biomass","DryForest","Caatinga","Januária","Lower-Montane","Terra Firma","Mixed forest","Secondary forest, age unknown","Dry",NA,683,NA,NA,NA,NA,NA,NA,NA,NA,NA,NA,NA,NA,NA,NA,NA,NA,NA,NA,NA,NA,NA,NA,NA,NA,NA,NA,NA,NA,NA,NA,NA,NA,NA,NA,NA,NA,NA,NA,NA,NA,NA,NA,NA,NA,NA,NA,NA,NA,NA,NA,NA,NA,NA,NA,NA,NA,NA,NA,NA,NA,NA,NA,NA,NA,NA,NA,NA,NA,NA,NA,NA,NA,NA,NA,NA,NA,NA,NA,NA,NA,NA,NA,NA,NA,NA,NA,NA,FALSE,"0",FALSE,"Forest_BAH_BON_CJU_DEC_JIB_LCJ_PNP_SER_1",FALSE,FALSE
"CIP-21","CIP","Parcela 1","Danilo Rafael Mesquita Neves;Ana Paula Mota Fonseca;Yuri Fernandes Gouvea",NA,"BRA",19.35,43.61,1,100,100,NA,"rectangle",5,TRUE,NA,"fp","South America",FALSE,NA,1.3,FALSE,"YYYY.DDD","2023.111",2023.111,2023.111,0,1,FALSE,7.949125596,FALSE,"Neotropics","Tropical Americas","Red Sea-Arabian Desert shrublands","Deserts & Xeric Shrublands","Xeric shrub","Arabian Peninsula",1.971886992,"Neves","Forest","Dry_forest","Cerrado_TDF","Cerrado_DryForest",NA,"biomass","DryForest","Cerrado","Parque Nacional da Serra do Cipo, Cerrado tipico",NA,NA,"Savanna","Mixed: Old-growth and Burned","Dry",NA,1185,NA,NA,NA,NA,NA,NA,NA,NA,NA,NA,NA,NA,NA,NA,NA,NA,NA,NA,NA,NA,NA,NA,NA,NA,NA,NA,NA,NA,NA,NA,NA,NA,NA,NA,NA,NA,NA,NA,NA,NA,NA,NA,NA,NA,NA,NA,NA,NA,NA,NA,NA,NA,NA,NA,NA,NA,NA,NA,NA,NA,NA,NA,NA,NA,NA,NA,NA,NA,NA,NA,NA,NA,NA,NA,NA,NA,NA,NA,NA,NA,NA,NA,NA,NA,NA,NA,NA,FALSE,">100",FALSE,"Forest_CIP_1",FALSE,FALSE
"CIP-22","CIP","Parcela 2","Danilo Rafael Mesquita Neves;Yuri Fernandes Gouvea;Ana Paula Mota Fonseca",NA,"BRA",19.37,43.6,1,100,100,NA,"rectangle",5,TRUE,NA,"fp","South America",FALSE,NA,1.3,FALSE,"YYYY.DDD","2023.118",2023.118,2023.118,0,1,FALSE,3.822152886,FALSE,"Neotropics","Tropical Americas","Red Sea-Arabian Desert shrublands","Deserts & Xeric Shrublands","Xeric shrub","Arabian Peninsula",1.971886992,"Neves","Forest","Dry_forest","Cerrado_TDF","Cerrado_DryForest",NA,"biomass","DryForest","Cerrado","Parque Nacional da Serra do Cipó",NA,NA,"Savanna","Mixed: Old-growth and Burned","Dry",NA,1175,NA,NA,NA,NA,NA,NA,NA,NA,NA,NA,NA,NA,NA,NA,NA,NA,NA,NA,NA,NA,NA,NA,NA,NA,NA,NA,NA,NA,NA,NA,NA,NA,NA,NA,NA,NA,NA,NA,NA,NA,NA,NA,NA,NA,NA,NA,NA,NA,NA,NA,NA,NA,NA,NA,NA,NA,NA,NA,NA,NA,NA,NA,NA,NA,NA,NA,NA,NA,NA,NA,NA,NA,NA,NA,NA,NA,NA,NA,NA,NA,NA,NA,NA,NA,NA,NA,NA,FALSE,">100",FALSE,"Forest_CIP_1",FALSE,FALSE
"CIP-23","CIP","Parcela 3","Danilo Rafael Mesquita Neves;Ana Paula Mota Fonseca;Yuri Fernandes Gouvea",NA,"BRA",19.37,43.62,1,100,100,NA,"rectangle",5,TRUE,NA,"fp","South America",FALSE,NA,1.3,FALSE,"YYYY.DDD","2023.122",2023.122,2023.122,0,1,FALSE,10.18711019,FALSE,"Neotropics","Tropical Americas","Red Sea-Arabian Desert shrublands","Deserts & Xeric Shrublands","Xeric shrub","Arabian Peninsula",1.971886992,"Neves","Forest","Dry_forest","Cerrado_TDF","Cerrado_DryForest",NA,"biomass","DryForest","Cerrado","Parque Nacional da Serra do Cipo, Cerrado rupicola",NA,NA,"Savanna","Mixed: Old-growth and Burned","Dry",NA,1174,NA,NA,NA,NA,NA,NA,NA,NA,NA,NA,NA,NA,NA,NA,NA,NA,NA,NA,NA,NA,NA,NA,NA,NA,NA,NA,NA,NA,NA,NA,NA,NA,NA,NA,NA,NA,NA,NA,NA,NA,NA,NA,NA,NA,NA,NA,NA,NA,NA,NA,NA,NA,NA,NA,NA,NA,NA,NA,NA,NA,NA,NA,NA,NA,NA,NA,NA,NA,NA,NA,NA,NA,NA,NA,NA,NA,NA,NA,NA,NA,NA,NA,NA,NA,NA,NA,NA,FALSE,">100",FALSE,"Forest_CIP_1",FALSE,FALSE
"PSC-01","PSC","Parque Sete Cidades1","Jon Lloyd;Tomas F Domingues;Italo Coutinho","Tony de Sousa Oliveira;Peter Moonlight;Oliver Phillips","BRA",-4.138015425,-41.71904868,0.5,100,50,NA,"rectangle",5,TRUE,"Nordeste","fp","South America",TRUE,"Alberto Jorge Farias Castro;Antonia Mirelle Marques Lopes;Isabelle Santiago Carneiro da Costa;Jeanderson da Silva Rocha",1.3,TRUE,"YYYY.DDD","2017.2765;2023.5395",2017.2765,2023.5395,6.263,2,TRUE,92.48730964,TRUE,"Neotropics","Tropical Americas","Maranhão Babaçu forests","Tropical & Subtropical Dry Broadleaf Forests","Dry forest","Brazil",0.373019248,"Coutinho","Savanna","Mesic_savanna","Cerrado","Cerrado_Savanna",NA,"biomass","Savanna","Caatinga","Parque Nacional de 7 Cidades","Lowland","Terra Firma","Mixed forest","Old-growth","Dry",NA,239,NA,NA,NA,NA,NA,NA,NA,NA,NA,NA,NA,NA,NA,NA,NA,NA,NA,NA,NA,1205.334223,-292.4767351,-392.9212538,1465.496858,0,0,FALSE,0,261,117,75,830,343,188,155,255,268,272,253,1426,348,8,99,894,36,121,506,126,133,128,123,108,113,147,160,151,276,298,241,1693,808,1009,248,171,201,31,54,54,54,514,495,539,210,207,219,273,117,114,130.1666667,112.1666667,154.8333333,275.3333333,1022.5,193.8333333,54,512.8333333,211.5,142,FALSE,"0",TRUE,"Savanna_CID_PSC_1",FALSE,FALSE
"PSC-02","PSC","Parque Sete Cidades2","Jon Lloyd;Tomas F Domingues;Italo Coutinho","Tony de Sousa Oliveira;Oliver Phillips","BRA",-4.1338549,-41.68391425,0.5,100,50,NA,"rectangle",5,TRUE,"Nordeste","fp","South America",TRUE,"Peter Moonlight;Alberto Jorge Farias Castro;Antonia Mirelle Marques Lopes;Isabelle Santiago Carneiro da Costa;Jeanderson da Silva Rocha",1.3,TRUE,"YYYY.DDD","2017.282;2023.555",2017.282,2023.555,6.273,2,TRUE,99.83164983,TRUE,"Neotropics","Tropical Americas","Maranhão Babaçu forests","Tropical & Subtropical Dry Broadleaf Forests","Dry forest","Brazil",0.384586245,"Coutinho","Savanna","Mesic_savanna","Cerrado","Cerrado_Savanna",NA,"all_studies","Savanna","Caatinga","Parque Nacional de 7 Cidades","Lowland","Terra Firma","Mixed forest","Old-growth","Dry",NA,239,NA,NA,NA,NA,NA,NA,NA,NA,NA,NA,NA,NA,NA,NA,NA,NA,NA,NA,NA,1205.334223,-292.4767351,-392.9212538,1465.496858,0,0,FALSE,0,261,117,75,807,342,187,155,254,267,271,252,1387,340,7,100,874,33,116,494,120,129,124,120,105,112,141,158,144,271,280,232,2412,928,1087,239,169,199,31,53,53,53,539,530,568,190,190,199,352,102,126,125.8333333,109.8333333,150.5,262.5,1228.333333,190.6666667,53,544.1666667,193,151.6666667,FALSE,"0",TRUE,"Savanna_CID_PSC_1",FALSE,FALSE
"PSC-03","PSC","Parque Sete Cidades3","Jon Lloyd;Tomas F Domingues;Italo Coutinho","Tony de Sousa Oliveira;Peter Moonlight;Oliver Phillips","BRA",-4.145622589,-41.7053441,0.5,100,50,NA,"rectangle",5,TRUE,"Nordeste","fp","South America",TRUE,"Alberto Jorge Farias Castro;Antonia Mirelle Marques Lopes;Isabelle Santiago Carneiro da Costa;Jeanderson da Silva Rocha",1.3,TRUE,"YYYY.DDD","2017.2905;2023.548",2017.2905,2023.548,6.2575,2,TRUE,99.42363112,TRUE,"Neotropics","Tropical Americas","Maranhão Babaçu forests","Tropical & Subtropical Dry Broadleaf Forests","Dry forest","Brazil",0.384586245,"Coutinho","Savanna","Mesic_savanna","Cerrado","Cerrado_Savanna",NA,"biomass","Savanna","Caatinga","Parque Nacional de 7 Cidades","Lowland","Terra Firma","Mixed forest","Old-growth","Dry",NA,225,NA,NA,NA,NA,NA,NA,NA,NA,NA,NA,NA,NA,NA,NA,NA,NA,NA,NA,NA,1205.334223,-292.4767351,-392.9212538,1465.496858,0,0,FALSE,0,262,117,75,817,343,188,155,255,268,273,253,1406,345,7,100,886,33,53,499,122,131,127,125,109,112,157,164,149,289,294,270,2013,849,1178,256,178,187,31,53,53,53,508,510,525,202,197,206,282,97,124,128.1666667,112.6666667,157.8333333,285.1666667,1152.666667,194,53,514.6666667,200.8333333,136.8333333,FALSE,"0",TRUE,"Savanna_CID_PSC_1",FALSE,FALSE
"CRV-01","CRV","Curvelo Cerrado","Rubens Manoel dos Santos","Camila Laís Farrapo;Renata Françoso","BRA",-18.63,-44.44,1,20,20,NA,"rectangle",5,TRUE,NA,"fp","South America",FALSE,NA,1.3,TRUE,"YYYY.DDD","2023.544",2023.544,2023.544,0,1,FALSE,99.87080103,TRUE,"Neotropics","Tropical Americas","Cerrado","Tropical & Subtropical Grasslands, Savannas & Shrublands","Savanna","Brazil",0.241685584,"RubensSantos","Savanna","Mesic_savanna","Cerrado","Cerrado_Savanna",NA,"biomass","Savanna","Cerrado","Curvelo","Lowland","Terra Firma","Savanna","Secondary forest, age unknown","Dry",NA,646,NA,NA,NA,NA,NA,NA,NA,NA,NA,NA,NA,NA,NA,NA,NA,NA,NA,NA,NA,NA,NA,NA,NA,NA,NA,NA,NA,NA,NA,NA,NA,NA,NA,NA,NA,NA,NA,NA,NA,NA,NA,NA,NA,NA,NA,NA,NA,NA,NA,NA,NA,NA,NA,NA,NA,NA,NA,NA,NA,NA,NA,NA,NA,NA,NA,NA,NA,NA,NA,NA,NA,NA,NA,NA,NA,NA,NA,NA,NA,NA,NA,NA,NA,NA,NA,NA,NA,FALSE,"0",FALSE,"Savanna_CRV_1",FALSE,FALSE
"ITP-01","ITP","Itirapina","Patricia Morellato;Renata Françoso;Camila Laís Farrapo","Casey Ryan;Peter Moonlight;Kyle G. Dexter;Matheus Santos Martins","BRA",-22.226978,-47.88235,1,100,100,NA,"rectangle",5,TRUE,NA,"fp","South America",TRUE,NA,1.3,TRUE,"YYYY.DDD","2022.4985",2022.4985,2022.4985,0,1,FALSE,95.12195122,TRUE,"Neotropics","Tropical Americas","Cerrado","Tropical & Subtropical Grasslands, Savannas & Shrublands","Savanna","Brazil",0.155440822,"Françoso","Savanna","Mesic_savanna","Cerrado","Cerrado_Savanna",NA,"biomass","Savanna","Cerrado","Itirapina",NA,"Terra Firma","Savanna",NA,"Dry",NA,733,TRUE,FALSE,TRUE,FALSE,1,0,FALSE,FALSE,TRUE,NA,"25/09/2021",NA,"10/09/2022","15/07/2021",NA,NA,NA,NA,TRUE,1643.364207,-188.4609498,-325.407967,1444.600832,2,2,TRUE,0.090909091,199,111,62,2215,277,100,177,222,168,223,168,1363,256,24,70,685,87,622,110,131,132,131,100,83,94,45,49,46,355,418,384,1836,1136,1497,294,176,216,43,53,53,52,472,414,445,174,168,172,219,110,155,131.5,89.5,47.33333333,396.1666667,1373,209,52.66666667,434,170.3333333,143.1666667,FALSE,"20",FALSE,"Savanna_ITP_1",TRUE,FALSE
"ITP-02","ITP","Itirapina","Patricia Morellato;Renata Françoso","Casey Ryan;Peter Moonlight;Matheus Santos Martins;Kyle G. Dexter","BRA",-22.213359,-47.896304,1,100,100,NA,"rectangle",5,TRUE,NA,"fp","South America",TRUE,NA,1.3,TRUE,"YYYY.DDD","2022.4985",2022.4985,2022.4985,0,1,FALSE,86.29943503,TRUE,"Neotropics","Tropical Americas","Cerrado","Tropical & Subtropical Grasslands, Savannas & Shrublands","Savanna","Brazil",0.155440822,"Françoso","Savanna","Mesic_savanna","Cerrado","Cerrado_Savanna",NA,"biomass","Savanna","Cerrado","Itirapina",NA,"Terra Firma","Savanna",NA,"Dry",NA,736,TRUE,FALSE,TRUE,FALSE,1,0,FALSE,FALSE,TRUE,2,"20/09/2021",NA,"15/07/2021","20/09/2021",NA,NA,NA,NA,TRUE,1643.364207,-188.4609498,-325.407967,1444.600832,2,2,TRUE,0.090909091,198,111,63,2186,276,101,175,221,167,221,167,1371,256,25,70,687,88,623,112,125,127,126,94,63,79,24,32,25,367,418,371,1738,1187,1334,279,159,204,38,53,52,52,491,445,485,142,137,144,218,122,157,126.3333333,73.5,28.33333333,393.8333333,1327.833333,194,52.16666667,466,140.1666667,149.6666667,FALSE,"20",FALSE,"Savanna_ITP_1",TRUE,FALSE
"ITP-03","ITP","Itirapina","Patricia Morellato;Renata Françoso","Casey Ryan;Matheus Santos Martins;Kyle G. Dexter","BRA",-22.179011,-47.871203,1,100,100,NA,"rectangle",5,TRUE,NA,"fp","South America",TRUE,NA,1.3,TRUE,"YYYY.DDD","2022.4985",2022.4985,2022.4985,0,1,FALSE,97.07470747,TRUE,"Neotropics","Tropical Americas","Cerrado","Tropical & Subtropical Grasslands, Savannas & Shrublands","Savanna","Brazil",0.146364823,"Françoso","Savanna","Mesic_savanna","Cerrado","Cerrado_Savanna",NA,"biomass","Savanna","Cerrado","Itirapina",NA,"Terra Firma","Mixed forest","Secondary forest, maturing (>50yr)","Dry",NA,779,FALSE,TRUE,TRUE,FALSE,1,0,FALSE,FALSE,TRUE,10,"20/09/2021",NA,"15/09/2022","15/07/2021",NA,NA,NA,NA,TRUE,1643.364207,-188.4609498,-325.407967,1453.743003,1,1,TRUE,0.045454545,196,109,63,2089,273,102,171,218,168,219,166,1385,257,25,70,692,89,626,112,118,123,120,129,74,101,41,38,42,356,397,375,1965,1268,1399,347,196,262,51,54,53,53,518,488,500,126,115,126,259,160,186,121.1666667,92.16666667,39.83333333,382.8333333,1427.833333,243.1666667,53.16666667,497,120.5,185.1666667,FALSE,"10",FALSE,"Savanna_ITP_1",TRUE,FALSE
